agent_id,n_obs,pw_i_vi_coef,pw_i_vi_pval,pw_i_ci_hat_coef,pw_i_ci_hat_pval,pw_i_T_zi_coef,pw_i_T_zi_pval,pw_i_zr_coef,pw_i_zr_pval,pw_i_P_dev_coef,pw_i_P_dev_pval,pw_i_si_coef,pw_i_si_pval,pw_i_r_dev_coef,pw_i_r_dev_pval,pc_i_vi_coef,pc_i_vi_pval,pc_i_ci_hat_coef,pc_i_ci_hat_pval,pc_i_T_zi_coef,pc_i_T_zi_pval,pc_i_zr_coef,pc_i_zr_pval,pc_i_P_dev_coef,pc_i_P_dev_pval,pc_i_si_coef,pc_i_si_pval,pc_i_r_dev_coef,pc_i_r_dev_pval
0,240,-0.03819415813196587,0.03535856068082334,-0.030126974880146967,0.035998909253990366,-3.394706025153158e-19,0.8344331285040204,-1.514475323100997e-17,0.004993095350548483,0.01051481045838909,0.5421825908150761,-0.012723597889726893,0.3858148165021431,-0.05505347977070946,0.005940850587485222,0.003540735683549333,0.44569397139540523,0.042266327756675784,1.2769569759697167e-24,3.663780371464443e-18,3.2236953697635224e-16,-1.1230691957563037e-18,0.4140073509483142,0.005531260677723452,0.2124868672981144,-0.020857579311647594,7.900463820567443e-08,-0.00173787358968178,0.7332386148290473
1,240,-0.11822215173506184,4.566079100350615e-12,-0.004021012788532074,0.7363268780245856,-2.666223390104709e-17,0.2283644243111628,3.2685706930064972e-18,0.7117252149383517,-0.012185641676293308,0.39342031133822597,0.03229162332227184,0.009710288779527192,-0.10523669367909168,1.1814392378742884e-08,-0.00100232901550088,0.8360623645448303,0.03616682349061298,2.6184303796021928e-20,-1.4990013066406865e-17,0.023875197671714372,5.297083255418002e-18,0.04579015538976106,0.005580777396487956,0.19102487284685923,-0.023809771262773432,6.779820497529937e-10,-0.009920482925920585,0.06319285107604677
2,240,0.030022984320689526,0.08237372951632888,0.010026568682639153,0.4851512302956834,1.7777089525389164e-16,0.05382642260920042,3.15450916093449e-17,0.12567097758975235,0.012832832204530768,0.4213294404219049,0.0794821374251429,1.1901517600601567e-07,0.030910887187408285,0.09025488551820765,0.011977706403000618,0.0037855401078367877,0.023438654765796266,5.812410209725403e-11,-4.4912515907725914e-17,0.04074188059397584,-1.0108897140405832e-17,0.039579436177320966,0.008513919683802806,0.02564773416903374,-0.03096383026335828,1.160688192254243e-16,0.0021623677222208587,0.6174928090759884
3,240,0.06335171948340512,4.038812459154394e-06,0.021137264693879654,0.09625530533416365,-1.2677936053556226e-16,0.004261674080044919,8.443411521865795e-17,0.000665675489752725,0.032000633266263706,0.019255520651902853,0.05672655057525273,2.8366850320066013e-05,0.003929826909495497,0.7800466334762755,0.003914094043374245,0.2701957392822291,0.028090297696954297,4.085618000796991e-15,-4.030441800818795e-17,0.0006048011480149158,2.0162096442337806e-17,0.0020280132626805335,0.009260451438142924,0.010367491557136432,-0.03162414478606223,6.950186928084377e-17,-0.011035231701211436,0.003240404863442153
4,240,0.011191746840812844,0.4722219436856716,0.040066403408764904,0.0015704477280386773,-1.2888534630815463e-17,0.057003264318148235,2.982981769363529e-17,3.7210945346358843e-06,-0.0026873920916778127,0.8647636882466253,0.07769279236266513,5.473046426400061e-09,0.019511301056633616,0.22729232263922802,-0.0027243600716664908,0.5670825392578387,0.04163679576927428,1.5086382680643906e-22,-6.152030717670019e-19,0.7655420251510232,3.2754529741830407e-18,0.09011921611613942,0.0018229474746693656,0.7056196565712916,-0.021464462571377994,1.138942820056825e-07,-0.008478493601470814,0.08672275015283261
5,240,0.00410496386560432,0.8074984940399546,0.015970449437405256,0.2613726634359603,1.1730920170943886e-17,0.0004422665434433952,-2.233932928916552e-18,0.7750940132246411,0.031137590036654353,0.0671268834355134,0.047563189039303,0.0012693295582108849,-0.03236971154075607,0.06058459603286384,-0.00802005110818675,0.08693944247123667,0.03192925814956399,2.6831204545898542e-14,-3.3716598362433312e-18,0.00027382441853659767,2.877350042006922e-18,0.1851665799412388,-0.004466569133719062,0.34223333902047315,-0.031743016584546015,1.4556549293869218e-13,-0.004407101382606795,0.3554036396460807
6,240,0.04186119363334134,0.0036745609185624807,0.0051901103674719985,0.637693859301178,-5.522671136799288e-17,0.39496051835750845,-4.8193658964227524e-17,0.4771682260136917,0.030273091378421678,0.038029355342271504,0.060145044632525096,2.9575205163440996e-07,-0.017184372839812695,0.24811076283086794,-0.00020724251561639057,0.965949954810966,0.045908820020468546,4.760153436990046e-27,-1.0886148026408287e-17,0.6216561601381936,-1.6425407811561194e-17,0.47603749150538777,6.808695300281054e-05,0.9889986193059417,-0.010458554505071157,0.007429646874127887,-0.006348950750756088,0.20951578750740765
7,240,0.05630884076630814,1.304069875411764e-05,0.0029659162233436377,0.7907376128769225,-1.7413478056152003e-19,0.9827947531190513,3.604548893613489e-18,0.002194312206370697,0.05601432733155806,0.00010829915127948379,0.05102918600418958,1.693329471161182e-05,0.00018333057288061685,0.9895203101872858,-0.0034925456468223007,0.410889426465033,0.03545655733303094,3.2115816197424576e-18,6.09240412857815e-18,0.025241656649756184,2.0998187964238933e-18,1.8104519751573405e-07,-0.005633749785105058,0.23876495149192872,-0.027103316290290294,3.4430363734674614e-11,-0.006046151135800537,0.1972830997625848
8,240,0.013523853384620253,0.38372990802833384,0.014083484517410327,0.3365974573004964,-2.7025054934360996e-17,0.0009001306771452837,2.948217152598266e-18,0.593218439088091,0.017629350305298164,0.28784581677180415,0.056380422139659665,0.0001825668135309625,-0.04709147931864509,0.004123234093109856,-0.015165979015187705,0.0002631439127118138,0.025492350460979342,2.729265772562542e-10,4.925848936501809e-18,0.02113829432842993,4.634795722003172e-18,0.001648872985054569,-0.0012824875604224868,0.7694427932531221,-0.0350879979204982,1.0362972728249935e-16,-0.01824097238717297,3.097971747937037e-05
9,240,0.04762961197699074,0.0005426717938698346,0.0024341172611814094,0.8261501307975808,-2.5415292324263064e-17,0.00012166694107153835,-7.885689296946178e-18,0.012011772234860711,0.018898466040449726,0.17950760254441933,0.042822849875444,0.00013242063780610482,0.005630780440568394,0.6922172638784814,0.0016318903274538175,0.6848639438435771,0.0257979772170927,1.2273329072604996e-13,1.1579429035277199e-17,6.636921716378081e-09,-5.622495457319751e-19,0.5422168021611069,0.008410950074566222,0.0438855275227528,-0.02130550641981703,3.854415765178309e-10,-0.005303891318114528,0.2080598344509847
10,240,0.003627362104162876,0.8163184006614921,0.03062507092609884,0.01803678314453425,-4.5249579169164826e-17,0.30158741048270077,-1.1185860454002918e-17,0.13798525995165115,0.021800795320875383,0.1738503890364724,0.06641995251391408,4.4553038468885e-06,-0.03528503340715203,0.0567744451343822,-5.645604097510881e-05,0.9896451798923365,0.029955374495118675,5.547084391564251e-15,-4.7439402010444123e-17,0.00012753707783457401,-6.62725767177261e-18,0.0017536722191636022,0.012149826987138764,0.006836466331430583,-0.026254175666527005,1.8487401383419057e-10,-0.017864617934689284,0.000599059305198946
11,240,0.01267427988511054,0.3883421911494439,0.03883193387280765,0.0018738758818584646,-5.480362642874026e-17,2.0575737370515523e-05,2.0542059790465486e-18,0.00044687243046830766,-0.023048350658859813,0.12027303882341037,0.0793839508671084,2.353539872390642e-09,0.039557413519677065,0.011486929511918917,0.00658596742386228,0.1340656605988317,0.027224695266277757,2.7035168618034606e-12,1.3087520905767873e-17,0.0006074621680711279,5.791892658601198e-19,0.0009046931198141224,0.023466408654908,2.484406454771699e-07,-0.03224904473498776,3.119985683726376e-15,-0.01919311516588163,4.884106838423497e-05
12,240,0.001697304460995989,0.9135837375825308,0.0017586907603517766,0.8774040431130586,5.177476736732623e-17,0.3437448475717141,-1.3760840981130855e-17,0.013353408966661628,0.002603062248865657,0.8705127286400431,0.05566651437892313,5.419456166741657e-06,-0.012873179111755513,0.45369855091193334,-0.003728355646568451,0.44261195710164947,0.03985908276049159,7.516480815243355e-24,1.0014089563481677e-16,1.1759292302583777e-08,-1.2791697103844806e-17,1.5908371834938273e-12,0.014191185421991173,0.0045184884601476025,-0.01751961193751963,4.023879027962127e-06,-0.02426306123402579,8.288594765432545e-06
13,240,0.01971729088199356,0.1366262013781662,0.03389740833278071,0.001684695103628372,-2.6366725399615606e-18,0.26304695273920803,-1.0339036124467797e-18,0.5605869071675016,0.04876143401985868,0.000463013882879417,0.07241326249906688,1.865798535729395e-09,-0.014942894741987834,0.3151707065825088,0.0009284902439784159,0.8430869532616532,0.03737986660311174,1.9227894763614174e-19,6.172830979703904e-19,0.4600189807842614,-2.7924023519549664e-18,1.4175818803218206e-05,0.004521755433447825,0.35440595515490647,-0.02615614578128944,1.0124041426298123e-09,-0.01075055220561337,0.042434110458810965
14,240,-0.014194541880796906,0.3784472255253938,0.08596690181169098,5.41625465444978e-11,-4.587633401013718e-18,0.37216383070823655,1.1257493661959966e-17,7.176270501387658e-06,0.026310699128763167,0.07794211805228762,0.07190380760121334,6.06062369162317e-09,0.025709329570448344,0.10542265881328318,0.012007391268917606,0.012749622257502712,0.04032128942810494,1.739525305632555e-22,5.1998056475450596e-18,0.0007710091507405839,2.438743977610116e-18,0.0009588398959020535,-0.005598564386580471,0.2064854477164149,-0.016832024392920086,3.499944690708097e-06,-0.004804344568189383,0.30815108418661746
15,240,-0.03040710869058175,0.05528903384006027,0.00801204392598346,0.5057871787970878,-7.737442159139234e-18,0.8991725227965859,5.360627780026394e-18,0.799661726285237,-0.03611590078723718,0.0140232205841135,0.04271284796219867,0.0006140794259856806,-0.012153401924722437,0.4561753613632219,-0.0009551124537258743,0.8426430385843398,0.03318793556249353,5.05751733732336e-17,-1.704099305540219e-17,0.3597683544643354,-6.1333067755658284e-18,0.3406469999635575,-0.0013193166842748374,0.7667273610132206,-0.025685835064956003,6.129238075396985e-11,-0.003340048244403452,0.5011189545110736
16,240,0.009651343002453761,0.4459390566733835,-0.0003560997213227293,0.9719902607092146,-9.601723492428727e-17,0.013241496483502401,-1.059892271781522e-17,0.007421038866353483,-0.0038192727944410237,0.7719491876195345,0.05883014693101913,9.038089384904592e-08,0.034314072942500454,0.018066794731443427,0.004138691040650048,0.37500991550669416,0.029370775079750014,1.3072169165035518e-13,1.1665171620542912e-17,0.41117005560080255,1.767010504524872e-18,0.2227781623037956,0.004789009893524409,0.3243006966471659,-0.022010101573400477,5.832107570619214e-08,-0.0005608126342727011,0.9159558590657195
17,240,0.03729676022611815,0.005002674295068786,0.00824209776434619,0.4763107032980596,-6.086178558375693e-17,7.437015365199142e-07,2.993191116460225e-17,3.2560514602560057e-15,0.04768595506230589,0.0012104465876019285,0.07975983585667981,1.5563502991120723e-10,-0.047053418699831276,0.0022971595984761744,0.004469563858197652,0.3019430163457449,0.02896111630724775,5.654599617480494e-13,5.7656292737532886e-18,0.14335571690800616,-5.120901031706044e-18,1.6384510023064134e-05,0.006924038100426576,0.14856619484751313,-0.023523615422954898,6.755693325240086e-09,-0.015231485462564292,0.002633879297487672
18,240,0.04140743385317964,0.000281111171485472,0.008888510983063556,0.3854559640973675,-1.4886449669874966e-17,1.7656127626090616e-05,7.642291178975836e-18,2.2869677253458602e-07,0.07935719816270376,1.2772425010148739e-09,0.02282633103492242,0.032712924724797685,-0.02697001272803268,0.036709358853630004,0.0013654132409578626,0.7353852650566792,0.033220030833099906,6.002813249883218e-17,1.6096740272108496e-18,0.18852118808254248,9.52757606981274e-20,0.8534234685333693,0.01868202904164401,4.796700142564575e-05,-0.03561980020751036,8.530434993855427e-18,-0.02904489086623946,1.4966746216254182e-09
19,240,-0.0238882097924396,0.044678132518154674,0.01417588217640427,0.18615378253168843,1.0799215417928198e-17,0.23917981442663724,-1.0703119432718554e-17,0.502259614075703,0.008073930594848138,0.48782296455842444,0.06989494649070391,5.799302425591454e-10,-0.04797270175938597,0.0003130967058326469,0.001620538303557224,0.7183763040550633,0.022467600732318998,8.065525527020337e-08,1.3419391398501093e-17,0.00014310386543063387,-2.0786216633995778e-17,0.000685998221373859,0.017629079059653767,8.478066782081e-05,-0.04186752285989178,1.7266659580870438e-20,-0.020797831845792175,4.077553575450827e-05
20,240,0.0629856675440082,1.129504227788888e-05,0.049635813295017164,9.609323644168672e-06,1.722183875168248e-17,8.557741428604389e-06,7.334957577418955e-18,7.441806836809597e-05,0.023774294792493163,0.10058345889982172,0.04848629254590754,1.9487045094817503e-05,0.04759609209214535,0.001650559052406656,-0.0003427969061724032,0.9406520223034628,0.04094563134377148,3.329905824427786e-24,-3.4512312465206003e-19,0.7809980936822171,4.389833418358428e-19,0.46209167054556344,0.014538687427215105,0.002345301865569256,-0.021762354223155034,8.6597679916467e-09,-0.011586630828714245,0.018841409896432747
21,240,-0.0014293431543324119,0.9226440052615605,-0.009672395325294864,0.40855256395276707,1.2047750814394599e-17,0.011797195908402336,-1.5963366697251225e-18,0.5854585694067396,-0.03821308975896082,0.016831670298718106,0.05525405152451934,3.3154789407928628e-06,0.005929331742042001,0.7040802387499714,-0.0071564784521865755,0.1159612562954953,0.028833227641565602,5.712100348302537e-14,-8.570992747336664e-18,1.6167450909651105e-08,-7.821451353524794e-19,0.3865350686660144,-0.006438070693092875,0.18980387031281062,-0.023760815273036133,2.1340011109599217e-10,-0.003561204215155104,0.4597811026663937
22,240,-0.0069026525076874975,0.6573979193111841,0.00264654936176157,0.8107991333723588,2.4645732481249832e-17,0.6450747261234826,2.6739048780875213e-18,0.7506824698366155,0.011312682902726794,0.44159594925487644,0.04787233542108245,3.5615795479448876e-05,0.0010685452615129994,0.950222947514648,0.0013062983307855274,0.7852253065697703,0.021108087446958444,2.4541959125426203e-09,2.1707698670638714e-17,0.18852452951583976,5.571132288198895e-18,0.03244296362511541,0.017580545591090034,0.00013126934037926147,-0.023440828010141832,1.5284917828721773e-10,-0.02399672594803004,8.38911625166381e-06
23,240,-0.031279048239444975,0.01603571454803981,0.06469730479357456,4.208873472797169e-09,-1.9479247805189353e-17,2.976854202477859e-06,-3.041280624766323e-17,0.024953648872005678,-0.0183364475163873,0.11818652340010746,0.12669111367054658,3.983251486636314e-24,0.011533737409740223,0.3876067675584526,-0.007427306686199803,0.10319225374825033,0.020804897589806665,6.727136301516558e-08,8.902650791249643e-19,0.5347887184776297,-1.984842596135168e-18,0.6761111668744992,-0.005803190513033022,0.15997468639046172,-0.04368276825655029,2.2476370125988192e-23,-0.004865457669963434,0.30076470191008914
24,240,-0.037864804488225726,0.013071204971572005,0.05099681403707406,0.00011718700635292605,-1.0540751018052752e-16,0.026285312483810948,4.74280887186201e-17,0.0019423882578776556,-0.006541126083897177,0.6692757612926281,0.14515864144629445,9.133823484560767e-22,0.0279249122096836,0.13576017072463434,-0.0026592514711396014,0.5721533568875479,0.0277422269949011,5.933750944628758e-11,2.7553072957637838e-17,0.0610044667681524,-1.0680693104040673e-17,0.023915026730375436,0.0010813934857399404,0.8200650887750564,-0.035445779183124596,5.859528736056967e-15,-0.004621707884780158,0.4257316858476896
25,240,0.030763926974259684,0.02968464650364672,0.006175541391162092,0.5790718298190201,-3.1274944506364575e-16,0.030028867548126763,-5.985743486794495e-17,0.009200394824217238,0.0450535829504807,0.001625050770484149,0.06743082852545275,7.309926441415696e-09,-0.002772128028397344,0.8528019127317646,-0.005553029859889905,0.2032477043320485,0.026657993416786124,2.820387353926103e-13,-1.0629304526404409e-16,0.017301520343076516,-1.3798366646012242e-17,0.05162849944785803,0.004059399818142382,0.3542112524076122,-0.02548119992278605,3.7166656328542646e-12,-0.013270333509627108,0.004438032448748019
26,240,0.019782633728415287,0.11092238176252658,0.0011957061559674763,0.8988224430076334,8.570379764560923e-17,0.404658256339681,3.438157252748325e-17,0.4131178413063661,0.0032851412424767497,0.7871129636923606,0.04885499451826776,7.972634606073321e-07,0.020065574753192688,0.12134297583756709,0.008786398399949828,0.0825565790795708,0.03690047918904641,1.0041025001557194e-18,7.528696529414561e-17,0.07328003506146337,2.772822089074713e-17,0.10611378630153101,0.008987118940302461,0.07086939989371746,-0.01753003548499056,1.2421603349195287e-05,-0.011563068722819017,0.028922194607270302
27,240,-0.0013688601631160922,0.9151418369020106,0.06775418343035217,5.314872770840734e-09,2.058834709485333e-17,8.920945301143763e-11,-1.3277587104225154e-17,0.0027932219386709394,-0.024204853622591442,0.07090034615815648,0.11838393158422987,8.686093967314528e-23,0.03892462278180092,0.00598414460599229,-0.0017681794111792078,0.7043121811871838,0.039575234368493244,4.0800799466672227e-19,-1.2838480301288495e-18,0.24384061239582502,6.053638476422583e-19,0.7043549206239933,-0.0030250409682610006,0.5323777747068288,-0.0315449581138918,4.3524366531682566e-14,-0.01608156759308936,0.0017832697795065059
28,240,0.017452200691694765,0.2520531689328265,0.027809365284202043,0.019880859722013682,-6.914427302044065e-19,0.805808883673576,8.585028359379117e-18,4.110291083559959e-06,0.010848530858670399,0.4770390335915614,0.07249541754911598,4.599478174429306e-09,0.0019771910485929193,0.9022799596224238,-0.0011953968474385525,0.7953086194385336,0.026116547367205773,5.301912420882025e-12,-2.0018055060206727e-18,0.019450887928057606,4.819494594973056e-19,0.38272451124753193,0.004179676596360234,0.36578317220804757,-0.029920090637925695,8.327220226163436e-15,-0.018714371993226585,0.00015725298303377407
29,240,0.028572845949520247,0.040795007046632296,0.0461608728530291,7.465736361629263e-05,1.9800540843699832e-17,3.7106730316702013e-06,-1.7621109150068707e-17,0.00045783823790469287,0.024506960533623806,0.08469542662830262,0.08383335946054452,1.9848518527810404e-12,0.006883630094744089,0.6318788505535573,-0.014987730068207156,0.001636757875811377,0.026854209557921137,4.093121931169492e-11,-2.0579585303646e-18,0.14703907888226556,4.1851882173268156e-18,0.013351015865512161,0.009567046769038006,0.04708603179002952,-0.03175128320475269,7.604827255833269e-15,-0.021047972913761155,2.196221999505984e-05
30,240,0.041163676817897385,0.0002698559954178547,0.031210184736269,0.002407462528274988,-4.9954964178762455e-16,3.6693010797111886e-09,5.311634794668474e-17,6.782028657280584e-10,0.017751569279842987,0.12019722676431582,0.10934287693889057,1.1555543768024567e-20,-0.0033865414518776463,0.7719145650049457,-0.005207137040376905,0.21066303653369364,0.022249677718471573,1.501675280350721e-08,-3.7342788138398134e-17,0.2200978404701404,2.7993673998753183e-18,0.363644028621261,0.014503882757207272,0.0007429792743108082,-0.04762137874194608,3.651091721276794e-26,-0.015675131008544355,0.0003836812436824593
31,240,0.03483520775166712,0.008701636221393047,0.010097316438622272,0.3864833945991928,1.7186121743287408e-17,2.190813768290151e-05,-6.0787360349744356e-18,0.1407293277931285,0.01625147745018935,0.2624474618499325,0.09379967946853873,2.405461090605668e-14,-0.019200339473705367,0.18264038953707146,0.009411615786039315,0.038528062246355625,0.02580951603375683,6.141482317939433e-10,9.362859631636604e-19,0.4927208697664487,3.1463080603496526e-18,0.026893386789009852,-0.0001593461866297198,0.9744489557471689,-0.031485880005860285,7.894563215994643e-14,-0.01217150783121871,0.014358253044710381
32,240,0.008865683756444481,0.5646555683506159,0.03441972181602701,0.003813997833973089,-1.0933128698015687e-16,4.515896732944927e-06,-3.510934483536385e-18,0.03686999556433045,0.02860225810197077,0.02221682494206823,0.0907753664623217,3.3217834644068096e-12,-0.010151508554379756,0.4705011059235369,0.018571078572631686,0.0007433112917726549,0.029783851332775342,1.0700347650987209e-11,1.0570575327475772e-17,0.20017711682954678,1.1524326821592617e-18,0.05242690764508418,0.0070329318349089415,0.11062625381017799,-0.03359378047467898,3.9469431558991255e-13,-0.00596029257597022,0.2310556231989968
33,240,0.013474899627405806,0.30488421155675915,-0.00357888078139328,0.7208354588995354,-4.399801373938703e-18,0.003485353940513313,8.67416624733918e-18,0.001595237838229857,0.029695782993870268,0.03840499805677076,0.05738365678231787,1.9069501072485536e-07,-0.020866117653056425,0.17445857898091033,0.0016415407127189034,0.7219510406944849,0.02397657321695315,7.818564522959696e-11,3.9290811777859945e-18,1.348617631102542e-12,2.4620407248770614e-18,0.01053290429252044,0.0028360574331030963,0.5722021176252237,-0.017863216976146807,3.4935186755303872e-06,-0.01899207045578876,0.0005069940730797717
34,240,0.02511932282912601,0.05985979892750001,-0.0024655472148584386,0.8230859513890387,-9.149485901469288e-19,0.9245146499521087,-3.531986051444373e-18,0.8238728398188526,0.012389274603560822,0.41085839123416057,0.06940276902450801,7.133358930515009e-09,-0.003995248114727313,0.7784924863410456,-0.0021893068054234573,0.6453952544321075,0.036505448080554115,1.3135481454887786e-17,4.800396700012934e-18,0.16546630794091577,1.7193415983712325e-18,0.7619800957782897,-0.0002189101502681986,0.9675721526652884,-0.02309855373346978,6.294123282553906e-08,-0.0046516371716203795,0.3602765910017105
35,240,0.011936938953904363,0.3337818938416699,0.03605871391527604,0.0005759327059416666,1.3607032043874126e-16,9.376181675039008e-08,1.858853155193858e-17,6.631344040830073e-10,-0.05263368171743908,6.873518879362357e-05,0.13306741128459454,9.414656618945702e-28,0.04844183630578747,0.0006624374929385924,-0.009816397213018668,0.05516848701241175,0.04947338311231641,7.726639653952599e-25,-1.1824822536827359e-17,0.24768484533420218,4.0952968967515305e-19,0.7315885406497158,0.002256465348152572,0.6745261389121864,-0.031448693863771165,1.1722259967422747e-11,-0.023660423938288565,6.216332215549218e-05
36,240,0.03352683731302763,0.0026954779652615616,0.016074981844246175,0.10502561783929569,-7.074151785331035e-17,4.934712979660495e-08,1.61118090367689e-17,1.2308464232779722e-05,0.029867529882713833,0.013226162248182368,0.07725509358347771,2.3112774806037827e-12,0.003647416060201275,0.7626574920537759,0.0008893552490556141,0.8345649347809175,0.020900956039116625,9.992260602395458e-08,4.736317542405321e-18,0.32760282043746736,3.886306512569628e-19,0.779669272433631,0.001954385289672359,0.6715380216125584,-0.04111266866295975,1.3664832644535257e-20,-0.005930373934963202,0.20266884745436262
37,240,-0.014635882517401614,0.2995005295084385,0.023146316908366146,0.04158033857394972,4.439889528960227e-18,0.5036285801689329,-7.938823306676679e-18,0.0005041552442127149,0.016883998265543668,0.24493170670198713,0.06678197615507689,4.989463055959623e-08,-0.01596926520088019,0.2879300324680532,-0.004916480760415658,0.31732329387714775,0.033770763054104744,1.3558435144740652e-15,-1.0359006972773684e-17,1.1493947889879442e-05,-1.6465531054513524e-18,0.03686994773685797,0.004964520148162064,0.32645137820307113,-0.032725786381276684,9.349875152648622e-14,-0.016172444290971616,0.002210579319562841
38,240,0.008965830454153242,0.4609496269002198,0.06811671732324556,3.89097001060241e-12,-3.2812807036673095e-17,7.9098889829057e-08,5.123768609322149e-17,6.68023807156459e-17,-0.015117372600054736,0.23761470368815027,0.07777659171207053,5.1589213651368086e-14,0.0484046464431335,8.395196469732987e-05,-0.004143177520999531,0.3953009972708653,0.032650666738641185,4.038247378295536e-16,-8.650518437205681e-18,0.00032583940729624244,-2.441440581488815e-18,0.2842437472894567,-0.004596713496121852,0.3698966934884932,-0.031458851015769895,3.193710638884001e-14,-0.005671817478389316,0.24298155093320106
39,240,0.03182151323609371,0.007812215726778027,0.026035875079627218,0.05674081330560812,-2.5230427744174275e-17,0.0010282486832658715,1.27890854847947e-16,1.053359237834544e-05,0.022326423661324406,0.1335947913787904,0.10848986940809104,6.954313926577902e-13,-0.04452878373255684,0.0020328279944291775,0.008586675149421378,0.04914205617163761,0.016826543153141117,0.0008488951193691884,1.5147758402186327e-17,1.263992151709055e-07,-6.065102863449453e-17,1.789306358555194e-08,0.0005269615094279489,0.9227738911563657,-0.06920527927158122,2.895164392111429e-30,0.006278708940541332,0.2306555003112055
40,240,0.024190830253492168,0.04229686664200153,0.027014449670479834,0.006525157429624704,1.0741595006283031e-17,0.01539742613983463,1.6823403481881982e-17,4.557994175258636e-08,-0.005555830505191638,0.6342026424529924,0.08833957708607532,7.48193901019782e-18,0.014869648119815185,0.2224809246651849,-0.0117208249148474,0.012644280407772978,0.025432535031763386,3.3375079004467516e-10,-7.350308542957937e-18,3.182516051542811e-05,2.646859974121608e-20,0.9819924990056172,0.0003086176218542458,0.946455825443532,-0.031736637034916707,1.8434015246340416e-15,-0.006515274963574598,0.17466887530731343
41,240,0.041085732749715775,0.00010928958175685695,0.01144967708155828,0.28092952220058837,2.3549774765576723e-16,1.0793006358201959e-05,-1.634505644312707e-17,5.945450875549478e-08,0.0328463355822505,0.030291282149943727,0.07712054181690635,4.646436071541386e-11,0.0037860355934675296,0.7762486263959435,0.002223041818211254,0.6045851254543877,0.040106858524430564,1.823932044096101e-17,-3.082735141499835e-17,0.15300368722033603,-7.723102497836596e-19,0.5199462629943896,-0.008477147480149234,0.1721423628317747,-0.0360744126687984,1.3470054912239907e-13,-0.010500827519711379,0.05588659688246422
42,240,0.041766828724352334,0.0011942525075725806,0.031477311307379095,0.011786075695273544,4.9623156394469833e-17,1.587909769706631e-08,-3.551939224773397e-16,3.660999945757252e-08,0.03465308292315006,0.012991089069258652,0.07488588395658394,1.6029930545983183e-08,-0.004739818082993297,0.7332053975928405,0.002207432598235133,0.5861563082504422,0.039820419323053476,3.9379492353921796e-20,2.2627355068501587e-18,0.40190578455380466,-3.0497238080403574e-17,0.12543734302928594,0.0022878145439944927,0.6038029889320831,-0.034853030759331965,1.4312817980606919e-15,-0.006741896410475334,0.128272367069143
43,240,-0.008361572646093801,0.550425641184692,0.030077727012226132,0.004333852498444925,2.839481046922866e-17,0.5280707045152908,9.209574446869873e-18,0.42450308641180845,0.02064072564841754,0.15134173639868861,0.09442421324799559,2.261477802772465e-15,-0.02489377742012015,0.11217375683265694,0.004224448592377063,0.3860821975576013,0.017151934608816935,4.025654711766113e-06,7.592244335370522e-18,0.6276828461951465,-3.2518686141672085e-18,0.41764436273423955,-0.006085955946810838,0.22370522951125274,-0.02186071360692093,4.506330828023081e-08,-0.003861248991285683,0.4778722883656106
44,240,0.013593985751486154,0.19443433392122153,0.025611324407597606,0.0034415559641016763,-4.666409762688161e-17,0.0003000016110379327,-1.1293653855473038e-17,0.0804505906705464,0.08694577219602741,3.965326486285708e-12,0.07030009131450082,3.1438755771182965e-12,-0.07365067766232142,8.582316588964062e-10,0.0028997379932206276,0.5380326049566071,0.016757060664021786,2.5503345992901077e-05,-2.2530530626569965e-17,0.00010879839478730419,-1.076044213240587e-17,0.0002528298052546286,0.009690495644447763,0.07119893664348824,-0.03928920126076414,3.1775531305394693e-17,-0.013793217687491793,0.00832443272341994
45,240,0.006364664460601348,0.6329505743069284,0.022658928740128138,0.028162565894769575,-3.1930481032444464e-16,0.010193109098965342,5.578419920793245e-17,0.03224625815247025,-0.017015705907420412,0.20126423009424996,0.0903948892671283,6.88084975073264e-15,0.015908401882230576,0.27958278778226997,0.005319856476352207,0.26432949197067723,0.007382962274917911,0.04509066243717268,1.5234051284741763e-16,0.0006431604435559401,-2.9497316317226296e-17,0.0016245168329059355,0.010120476325956945,0.033903437507916655,-0.04139680192332486,6.119587662969208e-22,-0.008052504497512103,0.1259736557390417
46,240,0.018082417125449987,0.1209483790430927,0.01738864978459935,0.04980721731889948,2.0913492060813253e-17,4.047792782328585e-15,-2.7358511783047107e-18,0.3299402445583087,0.029796964220388966,0.013668209147513967,0.0707689516350429,9.466042372149943e-14,-0.0324413549157727,0.008226874442092837,0.008598508306920773,0.09735780400841158,0.019806822752133104,8.842585601545259e-07,-1.6533267145089883e-18,0.1361892769118309,4.588751791730499e-19,0.7130221293753566,0.007698269850235258,0.15018103333337143,-0.023946143068808254,6.412465961183235e-09,-0.010048521969402143,0.06462195618464121
47,240,0.004728610082536309,0.7094465000988625,0.03715503579792567,0.00044099099521682783,-7.382434191342827e-17,0.00022731529020358343,8.93680179394876e-17,3.1280801929822684e-06,-0.0033925773185669097,0.78167789296404,0.08596041062040566,2.130994494079761e-14,0.0018890325660962971,0.8875344814862878,-0.004191936747316154,0.4306776087189439,0.02915375722701514,1.7545010019596858e-10,-9.162141179215616e-18,0.2684120315630376,2.644830725228991e-18,0.7360275135291419,0.013154778471538217,0.010852477544384427,-0.04117079894495909,8.838505830660747e-18,-0.019323296203226932,0.0006489118753395726
48,240,0.002083285326938393,0.8648404620515855,0.030691253367344972,0.004132418772704824,-4.165909899558357e-17,6.200241456619808e-23,1.9435821886530546e-20,0.9954752185603148,-0.009586086343037328,0.4397867183516213,0.11432897439535353,4.974786657153805e-24,0.018610901255048252,0.1251657597856792,-0.010975413618757531,0.02283956105574261,0.02627912610240287,1.241459680833224e-09,1.3712893696201084e-17,1.6143317757859558e-17,-4.4025739877475495e-19,0.7430487921950641,-0.00217967497831609,0.6537771853047655,-0.035942555784112484,4.173389932237678e-17,-0.003561098258343039,0.45307142299863656
49,240,0.018503205077570428,0.16907317457581675,0.04012837470820115,0.000177029219181865,7.928453738065873e-18,0.021262182337124663,-2.0953447129007876e-18,0.7165832912416652,0.013457484870049056,0.29638645811876896,0.08640917522337024,1.56430620887528e-14,0.007006395705111519,0.6158980832172809,-0.005905072812505048,0.265438094938072,0.02159646881460718,4.3314585732097624e-07,-9.11119594044004e-18,1.1064117225261156e-10,-4.1375911391658266e-18,0.07004642597692011,0.006289860814818728,0.21609784836472887,-0.03986415770895348,1.33879199940627e-18,-0.00592198740042117,0.282748882898962
50,240,0.034792656588911126,0.007615960947266089,-0.002968535082611558,0.7608919629228026,4.406696639045841e-18,0.4160696494416857,-1.8390386695778278e-17,0.1085443684105363,-0.0030244394138185266,0.8047025040000553,0.09776059508101466,9.221142869779128e-20,-0.002668362599993899,0.8392726111965808,0.011561011111362818,0.024322894755136226,0.025796535761378973,1.4611891615050722e-10,4.3218137256531935e-18,0.044032119846601964,-1.2199613997362515e-17,0.0072696466172322265,0.006316899664549645,0.1914234395996617,-0.02824768956044686,4.324403334503831e-12,-0.008341940361694868,0.10906172996035098
51,240,0.022627531740311874,0.04980696574363663,0.027949121504550967,0.002091037140062476,-3.747571746587719e-18,0.11906591934755176,9.063236881759868e-18,0.00014386903298505414,-0.01432594507691963,0.2275707104142126,0.07699215638888442,2.8838964256586807e-15,0.0079696890197201,0.5084602914213212,0.0006586068529327509,0.9003473580150394,0.017532849809457095,2.9183225425389162e-05,3.367898370763446e-18,0.00238658418327899,-2.2138988726460905e-18,0.04029279634891801,-0.0009497192575719151,0.8610891580281753,-0.03716436780593767,1.3534742241680379e-16,-0.002261113005801723,0.6818927070110201
52,240,-0.0020124435940044177,0.8760959983095156,0.027043791488628344,0.007291849686487869,2.930717080009509e-17,0.41575343786414654,3.3033201054948324e-17,0.20642517610606909,0.022447881126824176,0.07361731623230641,0.07609578687695417,9.000912110432589e-12,0.00116456574224982,0.9324965199283755,-0.005586762755949479,0.2708309862277178,0.024493692485843117,1.9796400247020673e-09,-2.976013224162788e-17,0.03603280854253459,-1.7666674149911144e-17,0.08567399346542824,0.004018726614151643,0.4133514242423083,-0.033393467920627,4.751644370668626e-14,-0.01477723084875436,0.006603813641872605
53,240,0.012692381174932536,0.2831118162054077,0.025828361255717372,0.005742157246202777,-1.0936970958218346e-17,0.38523029772141715,-2.0405605222075937e-18,0.7970270143358883,0.004410195825745021,0.7362956376308659,0.12057132916381302,1.3653079458708852e-27,0.03343922681798461,0.011074183444601687,0.004590460469197955,0.31387455461464364,0.024814152474824297,3.652279088209642e-11,7.075772496677676e-18,0.14565812407067505,-4.3154076462793724e-18,0.15912498861160673,0.004617219510706844,0.3607964996538022,-0.02452689413211301,3.3823276703441343e-10,-0.012593629085336656,0.013046954883956423
54,240,0.05963073660812501,1.8745491128742321e-07,0.03513811939994408,5.1306677387110176e-05,-2.2745901305968182e-17,2.0219504024411021e-07,1.8179576038197972e-18,0.08734807314049292,0.026359736791850653,0.022144179460373246,0.09210627816008043,2.5175206281433048e-21,0.019902069545163416,0.0872167423575863,-0.0016064603479482467,0.7516158164955222,0.024308883362770563,1.926716334537061e-09,1.5408976031554215e-17,8.124059842156523e-14,1.6581472949653063e-18,0.0007174780621522833,0.014764893428743354,0.005141965588302094,-0.034677829159326636,8.88991529140115e-16,-0.01983310469269311,0.0002252225501727107
55,240,0.004536090895147443,0.7090825527215354,0.00967511330501319,0.29041219419872183,4.2060690829817354e-18,0.41365037495145807,-5.10382651967554e-18,0.016471133258040758,-0.008854004754535566,0.4712187469022686,0.050917345418423895,8.535995399745783e-08,-0.012700996988491456,0.34820636650297687,0.0036325258703836768,0.46483851232737683,0.01717712161812104,6.798512551649474e-06,4.690863390031026e-18,0.026341800478190843,3.0027547274019824e-18,0.0006014202472023797,0.005866750578835494,0.2430676407405559,-0.02173387059933947,2.4103699334255515e-08,-0.023971970174627204,2.103982390321764e-05
56,240,-0.03273814752409349,0.009657707324569349,0.0263489711888734,0.004257052843612081,-9.405766978093327e-17,0.0017595740107481507,-8.946904308336437e-17,0.0006709131888105502,0.029008112252516483,0.01450684522246477,0.08234425208589449,9.653797327926368e-16,-0.07046121033806643,2.994233875226935e-07,-0.008573476261195749,0.08375091156487154,0.011762029252359908,0.001216161259926187,1.1797075578074564e-17,0.31412842278489156,5.754247548851753e-18,0.5736138492100524,0.004772717692403011,0.30413380316951305,-0.03241684470778613,9.348980444319438e-16,-0.018775367432230256,0.0004273629026991023
57,240,0.0017631690704356419,0.877531933294243,0.021223299907843628,0.024935519444178954,-7.990070009556867e-17,0.22389952117436676,4.9693866709485044e-17,0.09693194536507611,-0.027062812035428457,0.014656822314569155,0.09673558379999016,1.9401264775243578e-19,0.019299365621317524,0.11361037489236682,-0.0007554061133288161,0.88119061214356,0.03368155288325872,2.8706676052874277e-14,-4.940475529012202e-17,0.08915638719585459,1.883730343045737e-17,0.15400336013375907,0.007698854678791162,0.11462794314406817,-0.04137845175303656,1.7265519011173942e-18,-0.008635880440747548,0.10902229003451482
58,240,-0.041992527634339645,0.005241539564776437,0.01975715038219073,0.048517083305855364,-1.6670170934779753e-16,7.2714942001575884e-09,-2.2113736512501394e-17,6.561596227035579e-10,-0.014333899272041668,0.285021374933686,0.07090922969624128,1.1111508119005453e-11,-0.028774489994107998,0.06836601003114297,-0.012590581207884366,0.028002830451766884,0.02203457663252603,2.2841493006727226e-08,-2.969834643819577e-18,0.779803765954522,-6.495167092048612e-19,0.6208846906167962,0.0013579059418185593,0.7907672718218396,-0.019795616010624725,3.9138066510778836e-07,-0.023471211254369455,0.0001218534265866773
59,240,-0.0029707518578795796,0.8139332608977516,0.012710862539126823,0.19394773766817405,-2.4432660375716403e-18,0.6799407817931965,-8.510453048545872e-19,0.4354386046279104,-0.037598998229875384,0.005434554207715233,0.07856454637495595,2.024512800636641e-14,0.0062164281745017026,0.658360815633773,0.006625773670718072,0.18796291367287374,0.030448143568342374,1.5715320681307246e-13,-6.4235380425205716e-18,0.006839753934932903,-3.1134140194792133e-19,0.47336515018339087,-0.001588313744091378,0.7660628186168339,-0.02053280901665898,1.986900266485696e-07,0.009917230965816877,0.07722957126596454
60,240,0.00445000432126536,0.6855155039940456,0.011837635357693782,0.18095546372172586,-2.412048126015139e-17,0.1983064455613966,-1.6347288121171712e-17,0.3232458576415387,-0.008811414002977597,0.40577326626983046,0.10412073584075987,1.9519988821893358e-25,0.016355142730054516,0.15945601426452471,-0.002388637781646974,0.6069404135822423,0.02377961260521727,9.377888250050189e-10,2.5098504923689696e-17,0.0016865028108007283,1.852021837765902e-17,0.008486826569968775,0.009773689113855837,0.02975823121026085,-0.03486052472950941,8.406734512003153e-18,-0.016568796415901317,0.000836286951552788
61,240,0.07819353289048712,4.8230447747758154e-12,0.029536339080409955,0.0007173109847415754,1.403601672504749e-16,0.16489299002870558,3.137496987446108e-17,0.18428722808014433,0.012274566638430013,0.30833684733888617,0.0837609091979105,3.3544427806177966e-19,0.03622037492154889,0.001705322783383623,-0.004091802330068054,0.3527618749047814,0.02156960126876627,4.053901376152502e-09,-5.042888686702447e-17,0.22287720385010093,-1.1236806737143363e-17,0.2454238325113413,-0.0022145628753243475,0.6533055934439096,-0.025641450846591744,3.942903418944464e-12,-0.0038256377042138537,0.4138733340132521
62,240,-0.053181943650833424,8.958868619708046e-05,-0.009741638040218568,0.34267657322482936,-4.110219075544819e-16,2.032248709957966e-06,1.6480348074326332e-16,1.1641019482080273e-07,-0.019575085952686932,0.13457470632403667,0.08379949804501527,2.610131772367983e-14,-0.04666660216256405,0.0011840462378521592,-0.0020761517217226487,0.7253552241042935,0.029802450753060705,3.1574952114709815e-10,-4.435587681969938e-18,0.9055084857500527,-1.9638589026816806e-18,0.8830504833728245,-0.0014415681651429532,0.8028844706046404,-0.03010646125919813,2.792045458754883e-10,-0.010990982115038558,0.08186403277200022
63,240,0.04447213809641232,0.0003663742396502673,0.0034307596498935194,0.7056504702338983,1.7701604169049228e-16,2.5132795224417704e-07,-1.7996974134440835e-17,6.814536533616715e-05,-0.011648568756940493,0.3261698585669166,0.12227172113021441,3.437715169146713e-27,0.042910719619558016,0.0013408401483699945,0.001823341685566129,0.7104506130016215,0.023842908898026215,2.895203826430697e-10,-5.1900028562422174e-18,0.6965007119486695,4.608664150289475e-19,0.7947973120215237,-0.004050509841541326,0.39188460631271427,-0.02899424706949169,3.947866859683882e-12,0.008917212147874266,0.09211023728231925
64,240,-0.00712092577404166,0.5046065190764795,0.048123665590164295,1.0389374343955367e-09,-3.7675113216033696e-16,3.6366196404592714e-05,-1.019563616851569e-17,0.00021837281418534728,-0.039637922455955814,0.00011543280555298779,0.1056663758074638,4.261540508620315e-33,0.03148343501379853,0.00500751243930817,-0.010443568856958942,0.0344559532329545,0.020208467002789013,2.162617007232059e-08,6.531221815689036e-17,0.11452036280915355,1.4550208441830838e-18,0.24595067466452075,0.009963835720024492,0.033420435630106236,-0.027395410426444528,8.708598361547971e-14,-0.019331669196780112,0.00020225956344279905
65,240,0.046481246685516814,4.8743246116915867e-05,0.017395830407235482,0.029451493358698524,1.3114015532178258e-17,0.0005523820098277607,5.3136520605693235e-18,0.0677839457434279,-0.03564433247811569,0.0014823249405987117,0.06674553501798725,4.516511619193184e-15,0.022422744245048712,0.04792120754256102,-0.0042928866429062865,0.384911332487493,0.022917371934485772,3.1755159392321125e-10,-3.550366821068029e-18,0.03183962010011921,-2.379900547188384e-18,0.06250486329369605,0.005768783503608398,0.23705256890667345,-0.014099481736316383,7.308456468162676e-05,-0.007422611830373587,0.1351983426679125
66,240,0.002086397726013699,0.8776366478710335,0.009506444521658653,0.34136655462908716,1.0620232428645148e-16,0.39115982465147636,-1.2157489324183536e-17,0.5329861912730471,-0.026341088284516763,0.032381074859854315,0.08932789033648475,9.605002830442911e-17,0.013701394227880453,0.30388610244093395,-0.01122558735239637,0.03159015245312615,0.022729191225610207,1.0013965954921635e-08,-5.537799242346632e-17,0.24392885143718815,7.403846785756614e-18,0.32244002907123226,-0.00019779839341049679,0.9664160093373638,-0.033905776023064556,1.7818088644621222e-16,-0.00797576406021388,0.11914376230651562
67,240,-0.025207931773692994,0.034686158820572084,0.006331973179780043,0.4791676842861017,-3.0737069309138997e-16,0.010245074615371517,-8.1017005268316e-17,0.0047154551415737765,-0.03444588877813626,0.004129402974592974,0.08069877210534371,6.925821961074696e-17,0.009648540587811444,0.4563118073209699,-0.009652432023350746,0.05461843659808719,0.02700181688358755,9.362870346205706e-12,8.208321229846816e-17,0.10206328903653447,1.9550259430340667e-17,0.10341420381972384,-0.002297552656744503,0.6468208729692013,-0.028982753619896134,3.9785336968101767e-13,-0.004463947575473801,0.41319860851609924
68,240,-0.00578166763186142,0.6393791521899557,0.014845381422814666,0.14615667929406664,1.316621508614751e-17,0.028512905232197086,-1.124835916798975e-17,0.03834127998661858,0.007033380044130167,0.5860713502183579,0.0893964398027541,1.9819521005488514e-14,-0.03315715765391444,0.021119688770850704,0.0048752336172968105,0.3083575634999465,0.03884930792455636,2.316951619297048e-19,-1.99444302157026e-17,1.0553790155163621e-15,-4.0720189858864213e-19,0.8458889530360957,0.01485692000443308,0.00326420246807428,-0.027946754424614948,2.923466077895999e-10,-0.018076899126324396,0.0012542624179647918
69,240,-0.015200435611851075,0.1922739131318135,-0.008035921802662722,0.40876467747592804,-5.018710027191546e-18,6.799525657312756e-07,-3.1705328496172126e-18,0.27328483024649475,-0.027310011882408662,0.03271549780989895,0.08091384980114327,3.9182520173692166e-16,-0.014880868807983963,0.2679574052488704,0.004827892146601248,0.3568126926632299,0.02210553148362802,8.454767456402728e-07,-2.5031806642598245e-18,4.364737937355237e-08,1.3913158413701357e-18,0.2851746126265264,-0.020197634687423267,0.0004967669918095604,-0.024103481965422408,2.1017420590370166e-08,0.0006042441480878001,0.9202452105619866
70,240,0.005903481326939838,0.6395187355610488,0.02349412824726142,0.01311230546493037,3.926087855385105e-17,0.046854188374913834,-7.734566653419385e-17,0.0371635407898759,-0.016306695263661398,0.1841224256697317,0.09060029543395628,5.423054934754592e-18,0.013080559829813578,0.3261157487657237,-0.00026056631698493423,0.9610325734305425,0.020723498433355903,4.139936275419753e-07,-1.8395444189193115e-17,0.027921563642302805,3.433342413076798e-17,0.028906640251537438,0.0033592080467789408,0.5173636419231051,-0.03071099409711802,1.138141976382471e-12,-0.01265965812468484,0.025360421078136422
71,240,0.03562846779134894,0.0007055157089132515,0.035871107844837075,6.253948353155722e-05,-4.646129170661698e-18,0.9128035300462222,-4.0682369800768765e-19,0.7449289256173541,0.023119064093562666,0.04034275217289705,0.0816723492440522,1.0750443179359189e-17,-0.009666141193616112,0.390552892428766,-0.00020626221854410992,0.9623167351257444,0.024463675265844687,2.476350393131746e-10,7.626346944192494e-17,2.7045027084336634e-05,2.2087491475982346e-18,3.6691805293526115e-05,0.016113866086695742,0.0007397745949566352,-0.03735240870796006,3.460502445437072e-20,-0.006815450211800149,0.15026092343887038
72,240,-0.014237759240474832,0.20840107661400545,0.01748530854254951,0.0688954331772856,-1.7617193911297226e-16,4.961758652280591e-06,-5.763499914227934e-17,1.6053800239078155e-05,0.023220403704454586,0.040922983151713006,0.09820776955825106,8.392627578695881e-20,-0.052315133279033865,3.943019641527159e-05,-0.007165096684169439,0.13513411581012852,0.03448571752999011,2.0669784616150777e-15,-4.9561869144113374e-17,0.0021275964898813033,-2.0724127435792343e-17,0.00023007707546644538,0.005793578341889066,0.22697176298085842,-0.030008148413815824,7.689900665169579e-12,-0.013992779424578359,0.008663162167790858
73,240,0.014265752221046925,0.20490786454463708,0.028909181242098632,0.001941145496183612,-4.2102339299382236e-16,8.640792810831985e-07,2.1766952311295706e-16,1.8895003622155016e-07,-0.02779669396326031,0.010383291329959838,0.09677447699012971,1.8464723243646076e-21,0.014006891632486619,0.2242099064346417,0.009659854679685238,0.06533830532101534,0.0372115056233439,6.879368086045436e-16,4.7017906766065525e-17,0.2257601179900383,-2.6899886712333737e-17,0.15471056590096843,0.007404093947313719,0.14011928912186594,-0.031242914102709667,4.224960370554741e-12,-0.006498377589939345,0.22514946578426817
74,240,0.01699964312978413,0.1626940098020885,0.03194757470180677,0.0017340930311328284,1.3403016150671367e-17,0.0017271050688127867,-8.814036916105245e-18,0.00018331354777557143,0.0015502421238431504,0.911295715715114,0.07567897372453349,2.8136640345737866e-12,0.005356498694958991,0.6888250260654324,-0.0026811229244894687,0.5972456091615775,0.03178889865191846,9.499965248404422e-13,-9.45477670031938e-18,2.0239705705092402e-07,2.8922150913338e-19,0.7653396362077693,-0.009951927383721937,0.08767656867900468,-0.02849282807814645,2.0240674374165046e-10,-0.005059028281845505,0.36529575836377826
75,240,0.045660243802269074,4.7941597425732475e-05,0.04856125435797019,3.8727984998247695e-07,-2.086560492171217e-17,5.341512211020169e-15,-7.63895335796978e-18,3.0188999200010386e-06,0.012318555778060243,0.2752003511926926,0.09460195183590822,6.653907822509695e-19,0.022996917606563135,0.04523119571332511,0.0017432906185991157,0.734471467181006,0.024839953299985208,2.967904865539958e-08,7.635696025625468e-18,3.1472938343046864e-10,2.8527585542222936e-18,0.00016019756984216252,0.007003953740142242,0.18314199363159847,-0.04231112787840473,9.629396313608696e-18,-0.01803809132802252,0.0008191901775831157
76,240,0.00495303507494014,0.6740048874204984,0.001734161410251723,0.8532482668059906,3.832779862645523e-17,0.04877469617519933,-1.7610967034017482e-16,0.03690240502357031,-0.01456959183894951,0.20929732412369503,0.09264388330379755,8.856926300372541e-20,-0.003307272103310041,0.7795120078199977,-0.005192600022572932,0.30207199020091274,0.030305903160510142,8.032138393300708e-13,-1.4437095817361506e-17,0.08182104366224441,6.713888514922606e-17,0.06214522719353259,5.9084325322042355e-05,0.9904686461217481,-0.03145390470072584,8.476129321724873e-14,-0.010700186982236716,0.034717098190104274
77,240,-0.014443513616960859,0.22917936501096367,0.006740864920615774,0.44065095389080233,3.0702573222866026e-17,0.0004912077171746147,3.170375002721e-17,1.9625808480595987e-05,0.004773760305337831,0.6748436968673023,0.07774160806430461,3.878087841999254e-15,-0.01941504476136805,0.14512834170990055,0.0004782100283729548,0.9260485149796636,0.03874849979283895,7.205155132398312e-21,1.6590497449173506e-17,1.348448802971798e-05,1.321067885648109e-17,3.390235725630342e-05,0.005157731420742915,0.29187818387303194,-0.021076622725113178,2.5234717658802497e-07,-0.01186641642649506,0.0386340738140364
78,240,0.0019605567140735195,0.8701051427811499,0.04938304089530292,1.6075821850449477e-07,-3.1912374093875986e-20,0.9781765086526258,1.8859064953824027e-18,0.3526707321337207,0.016216767989792512,0.17684693406072652,0.11126223905997361,4.42264677277842e-26,0.020734284837551777,0.10834178221371868,0.00015096550084119878,0.9767641448179112,0.030272884016255965,4.843578743815909e-13,-4.996680243475963e-19,0.3223343600361549,-6.940152604762191e-19,0.4287513425095636,-0.0007732052266857322,0.8813717842398475,-0.028069909536940232,2.907158203433494e-11,-0.006042122771589047,0.27839571008314373
79,240,0.05665485174318985,1.2869738626970077e-06,0.0008005443455826409,0.9289274883438366,3.127466252978936e-16,0.0002920975257175202,-1.0490194237869795e-16,0.00046585173081014616,-0.009585023241608027,0.45286722036120897,0.094032498516594,6.160615819768904e-19,0.052682875295929917,1.2347465213120314e-05,0.008817643303135454,0.05527790354980884,0.029680797061982064,1.2102239342307826e-14,-1.4396123291289784e-16,3.57273702884787e-05,4.384591771494693e-17,0.0002747580129636311,0.012229816632625398,0.017707013568384097,-0.031964148365166624,1.441755817839962e-14,-0.012925814393556685,0.006839854185419372
80,240,0.013025560243473861,0.21649111808984559,0.04499942045365479,6.622025830565428e-06,2.0591151361950628e-16,9.438980866996275e-10,8.388522145598047e-17,7.671800516617468e-13,-0.00571909251947865,0.6397352084748192,0.1033890010531962,1.2471670919380362e-21,-0.012810594163290062,0.3045079772894817,-0.00045632379768289306,0.9203470953777901,0.024639945957640588,1.92154429552436e-08,-4.140814173194475e-17,0.003415961594965174,-1.1740787365264604e-17,0.01507296053279698,-0.004488679982976005,0.39721105606776863,-0.04200129508203594,1.4837606519022313e-19,-0.006435099934551962,0.23450031471494648
81,240,0.0366756478708148,0.00032653028398112844,0.016492339067555678,0.0799752675012465,-1.123733651103477e-16,4.882846864109065e-06,-4.2370156913480575e-17,7.273344151445235e-06,-0.016949581290103412,0.1355321108805735,0.11687637320812255,1.8937072647458704e-28,0.049150272695603986,1.2752925668986574e-05,0.0052787768910559345,0.2517966740841258,0.016384412310532212,0.00016909515436083875,1.6516445916668378e-18,0.880507997491601,1.428915134286989e-18,0.7351717269119731,-0.011130740526946313,0.03238354243702065,-0.04968256062087241,1.4679655016874518e-25,-0.0024471479565374753,0.6274952837694879
82,240,-0.020442141037329255,0.07614299272909775,0.014840414445294603,0.11356233344346972,-2.4433551124233248e-17,0.7845152610811792,4.364568476352439e-17,0.4122903561078769,0.0057907482173465575,0.633745718347631,0.09644353625735691,4.551542620402323e-21,-0.023991414362119365,0.03833188893511215,-0.0054941474236475905,0.20450537790447262,0.03277986620241975,8.798653376434008e-18,-1.0905120504990732e-16,0.0013372768159084167,5.967692692731262e-17,0.003142342687141215,6.289786466058545e-05,0.9890241968138502,-0.029979636124775853,1.2344948404848587e-15,-0.015826321888327756,0.0003213577077747683
83,240,-0.017525274721407448,0.17105064762197794,0.02779663749119571,0.011542809882517593,-3.9240400295329407e-19,0.9934172002478403,-6.875598092867145e-18,0.6533407087286112,-0.01923570109554182,0.14497437077093647,0.0920972461687472,6.2847746751290475e-16,-0.00022506172367229606,0.9873687524901666,0.003729687246873681,0.4295076536001512,0.042472577312579085,1.7091493182078347e-21,-2.1033355228057376e-17,0.23173934191207726,-5.851489029577017e-18,0.3010183817053115,-0.0062072592992687085,0.20248267508705783,-0.031165794893149287,7.093724301420073e-14,0.005020792160995309,0.33927424180045784
84,240,-0.01772665546377513,0.09832559223630982,0.027505968497666254,0.006404159090408359,1.5962932961838235e-17,0.36852616239922975,-4.566999090576087e-18,0.47320845871610806,0.0039160042288494965,0.7256417540494152,0.10835931910933616,6.072608832314683e-27,-0.037798183789708145,0.00037158433847762917,-0.012995160880041677,0.009545084842413861,0.04865499079645919,3.094499709323558e-21,1.4202298205277993e-17,0.08641426666405762,-2.609570825544337e-18,0.37879708598642303,-0.009739740621875277,0.06175010761966327,-0.031732268761362495,3.873237278470536e-13,0.0015664171085467762,0.7480833650966854
85,240,0.024184154063113576,0.021472156859129118,0.010619146496894724,0.3119427163844432,4.755765098778498e-16,3.42054772549727e-06,-1.2510643282141063e-16,5.740263738147912e-06,-0.003773255411526226,0.7154352853579728,0.09403899125823016,2.2709999074252875e-17,-0.00402607203929722,0.7266256554742858,0.0038392355119441753,0.36694713729979267,0.04136351517742553,6.101260587232407e-19,7.794991223474135e-17,0.05630287060023537,-2.5528677574319766e-17,0.02065843140434945,0.008594387131298295,0.04198907952617217,-0.042549886461077505,1.6211449085384333e-20,-0.02137016441826476,7.903396797267033e-06
86,240,0.02261373896865137,0.07818909909570607,0.033011078869787845,0.004544616179370811,-2.6395678552755383e-16,0.00016332752573420368,-2.0191236324199643e-16,1.6317843876811735e-06,0.0245241428392198,0.07804071339849995,0.11640932386379893,1.556974189347392e-19,-0.024307939387867256,0.08189460884987745,0.0002322020198403359,0.9597052163754032,0.03284739703375213,8.491425124035391e-14,1.131657412783813e-17,0.6477754613022176,5.217537117403892e-18,0.72366132717959,-1.914223213979674e-05,0.996934109527441,-0.032429905874805195,4.2821356998798826e-13,-0.008638751232856753,0.08512421639928622
87,240,0.015454262411527767,0.14796512713329324,0.057701129979550486,8.87630846675678e-09,4.962804918618117e-18,0.15012635935587765,3.762323772229713e-18,0.06446874421212005,0.014075927444818212,0.18987417758713349,0.13416414038979263,4.828871189376914e-33,-0.007925088410746269,0.48082197240035984,-0.012388808628999902,0.003928830880337777,0.030528674365087986,1.0666443314679482e-13,-4.875602791734143e-18,0.000464450720608532,4.177870665019169e-18,5.172651990758461e-07,0.0061331120408403186,0.15290765063490774,-0.0384957452077177,3.428612013774745e-20,-0.02116859101258968,4.0390407331765946e-06
88,240,0.009900373041047326,0.40079921233298665,0.022097362113912306,0.01791246629387257,5.7237635596534525e-18,0.026666492920665866,-2.3326730748915512e-18,0.1768207147304174,-0.017475054831112377,0.12023922177071246,0.09520683015820455,4.678126305791961e-20,0.014421669387625314,0.23407369803327607,-0.0002765649846293017,0.9531767680312779,0.025155460980584878,9.414439463994066e-11,1.6491570268261638e-18,0.10950382114912179,9.138326063583576e-19,0.18590042121126013,-0.0012689047495475178,0.77736884929712,-0.03535290337614579,7.308781546714112e-18,-0.004760343593400749,0.32592019014965534
89,240,0.017438767490706008,0.08780074035294783,0.0395984431606657,4.677737176611834e-05,-1.1365056019324474e-17,0.0028101332388341207,-1.1624012992822728e-18,0.0011072134114940187,0.028950020971246184,0.008870713154523816,0.10581625883700325,6.848718961261816e-25,0.009709486944977563,0.3548766071457944,-0.00713980098568235,0.16987379298634134,0.03580607655601002,3.1120649447460957e-12,1.1988790650611051e-17,1.934671486327439e-09,2.4756883610333227e-19,0.1689275664786935,-0.008994974088204453,0.10905569558084395,-0.03687791645636075,8.771110424001165e-14,-0.016581836672402553,0.0021328016347298686
90,240,0.04244029269137062,0.00010913961468947545,0.039728617130217594,2.0366647785490323e-05,-7.020756320256618e-18,5.851471604625599e-13,8.453880060076387e-17,6.584020453110357e-13,0.019524687416946393,0.1020113740460808,0.09039342922932583,2.336460947654384e-18,-0.0040667261510566755,0.7284642465588672,0.00582487700184383,0.22336873797492762,0.020060751265684747,1.3357053042966853e-06,1.1776018860325886e-18,0.004181982176804842,-1.7754364377643182e-17,0.00037089849708159923,0.012229545301554304,0.02100467684099752,-0.04158808741565703,1.669817116301083e-19,-0.020023020231361457,0.00014265991771800012
91,240,-0.008609873214502926,0.4640684985965797,0.016192856974586924,0.07696740549682593,-3.0194580600364637e-17,4.837081181006294e-06,-1.065213365155831e-17,0.0031768656192778994,-0.009269322574962841,0.3968516371739286,0.11949935373729312,5.331934490322419e-29,-0.03356499388099355,0.006214556901604906,-0.003501271791526049,0.4923481154880823,0.04528347839672108,2.0755072193150058e-24,-3.685369395356093e-18,0.18900372357815162,1.3891030270192863e-19,0.9286540153090035,0.00022620219661229068,0.9619464473541375,-0.02652531824106852,2.976780528486481e-10,-0.009756658581534391,0.06546743461465962
92,240,-0.02235829521447104,0.06090200189917498,0.029757698154900376,0.0028009892895094718,-6.527625497853638e-17,0.0010521414600812736,-7.963910351445772e-17,3.135477807948413e-07,-0.024841161807360734,0.03875126781971517,0.08820348200144333,5.81654454971721e-17,-0.013053483160032752,0.30281936481966126,-0.001720621597393981,0.7214373768318036,0.032404513776181816,2.990648468499803e-14,-1.0228005100623853e-17,0.2016731036646573,-4.465849107568456e-18,0.4676410693375187,-0.007453760252987197,0.12586007390751994,-0.02372253751918269,7.730418684606902e-09,0.0025580100681403496,0.6186456054194546
93,240,0.004376696696657878,0.6975661326709863,0.018174521280080756,0.08587373822337098,9.277900793709216e-17,0.017541046717956733,-1.5322501056550227e-16,0.005354821608607168,-0.004253546648993205,0.7218471458968463,0.1132368973901578,3.2370838969295985e-24,-0.03140335437565089,0.006159052207024126,-0.012495448655976444,0.008422280011902969,0.03851869678492253,4.450337034702726e-16,2.5846712802370512e-17,0.11226637270720824,-2.3476980453950516e-17,0.30392799951545907,-0.0013737829497200834,0.7832830927441964,-0.03279016030021562,1.1370418684226318e-13,-0.006765344880247632,0.15562873389670992
94,240,0.023163964143987584,0.035275058147778295,0.054142629796167276,1.9536928473212592e-10,2.788876671012549e-17,0.0735712247240886,-3.617845027420649e-18,0.3062998174453895,0.0041221320528355195,0.7104278408110479,0.08306736644975343,5.828174264463102e-20,-0.016661621614196043,0.1568957683913567,0.0025148792629054416,0.6139794958668447,0.039733320611033476,4.035307699901838e-22,2.0676116573510274e-17,0.0037533092667903934,-3.1229265644811964e-18,0.05304787584425943,0.003980111995699215,0.4311606707758523,-0.015030308254492388,8.772058444708817e-05,-0.011811491049985499,0.02794342118133075
95,240,0.022945091761552346,0.04569582351432303,0.01900429715281979,0.06634478933296524,-3.2127247335198323e-16,0.00019048418516936401,-3.727120869163995e-18,6.676363894944114e-07,-0.02260539719813979,0.05132571639134489,0.09873567782780569,1.594697228213186e-18,0.01613477140283822,0.19985783866944837,0.008466675247986596,0.07455240165895657,0.03546425543816194,7.395327947579758e-15,-2.5319046202590362e-17,0.47098596720968533,-3.5004698276726904e-19,0.24732751383976043,-0.002674368890639256,0.5760406664018113,-0.029140451467059063,7.460913806791453e-11,0.0015157206042828576,0.7706798014803211
96,240,0.036506824569941414,0.0027719709457063976,0.038283995375308036,7.053999893925915e-05,3.0312385375569745e-17,2.2375360765806333e-24,-1.2673534893034926e-17,2.3441726923585033e-21,0.013103421799294995,0.31666046419509114,0.13024690983273216,2.9702959937206183e-31,0.001273103655160323,0.9196064044773473,-0.006241143251390746,0.18336545620056496,0.022679586131029966,2.701005319122813e-09,-9.454947182169679e-18,1.866089970697883e-17,-2.2585341892691767e-19,0.6298325658525649,-0.0027525827877936055,0.5868928037422931,-0.0228758928424521,3.4836556380464777e-09,-0.010901094843216759,0.026491429889398174
97,240,0.016020333778546312,0.17871914399884845,0.08532081714262799,1.058889821516781e-11,-7.309092013384204e-17,3.002590388070313e-19,-6.42153545854734e-17,5.650645476514495e-16,0.0012065985827733683,0.9217827112654778,0.12984836244037154,1.529858744369617e-22,0.004428629043120797,0.7140664177636806,-0.007040749984146322,0.13011229000846322,0.0439247728220022,3.90685090287734e-18,8.705752651253043e-18,0.003047986949373002,2.629752056543847e-18,0.3617051295830427,0.006365552369925191,0.1851887212094984,-0.04673316778324997,6.614546767511462e-20,-0.00859848793042288,0.06924459158183673
98,240,0.010313273091314815,0.4368311810336104,0.020704654634745617,0.049033702332735,-2.459118492915201e-16,3.03122967576415e-08,9.41347528347727e-17,8.084449908711323e-09,0.01518290084781397,0.19398504919688703,0.09950982824918914,1.1805497483912423e-17,0.0013487375675091395,0.9207831392171595,0.016455853629829372,0.007541347788459839,0.03451466722211877,1.0784584619525253e-11,-3.2762500729579347e-18,0.8685790031189055,-1.0072576911218466e-18,0.8896645455249,0.0021286828833886676,0.6924010147719936,-0.037641408566824686,6.527478355814021e-13,-0.008619006926676814,0.16897213452222312
99,240,0.004155329204209171,0.7217123321063116,0.03401038437079627,0.0012190569534219885,4.899790582981619e-17,0.055645006187140814,-2.1134002240212174e-18,0.40234821218021877,0.015036298943085192,0.28075227658473445,0.08793226744293152,8.427721609533522e-13,0.00013415711049832857,0.9922186934610763,0.001604744913542276,0.7351574176253006,0.032934513139053614,2.0659205938315718e-13,-2.0461866961551773e-17,0.04940765476886844,9.340178015042403e-19,0.3627935280687137,0.014034669819259412,0.01378076341281806,-0.04261187986008549,6.77058408096686e-17,-0.01316331334676639,0.01930927595388636
